source,file_name,eol,valid_cycle_number,usable_length
CALB,CALB_0_B182.pkl,108.0,100,100.0
CALB,CALB_0_B183.pkl,105.0,100,100.0
CALB,CALB_0_B184.pkl,176.0,100,100.0
CALB,CALB_0_B185.pkl,161.0,100,100.0
CALB,CALB_0_B187.pkl,189.0,100,100.0
CALB,CALB_0_B188.pkl,123.0,208,123.0
CALB,CALB_0_B189.pkl,164.0,100,100.0
CALB,CALB_0_B190.pkl,104.0,100,100.0
CALB,CALB_25_T25-1.pkl,792.0,99,99.0
CALB,CALB_25_T25-2.pkl,982.0,99,99.0
CALB,CALB_35_B173.pkl,1233.0,99,99.0
CALB,CALB_35_B174.pkl,1272.0,99,99.0
CALB,CALB_35_B175.pkl,1352.0,99,99.0
CALB,CALB_35_B222.pkl,1260.0,99,99.0
CALB,CALB_35_B223.pkl,1267.0,99,99.0
CALB,CALB_35_B224.pkl,1283.0,99,99.0
CALB,CALB_35_B227.pkl,1241.0,99,99.0
CALB,CALB_35_B228.pkl,1243.0,99,99.0
CALB,CALB_35_B229.pkl,1171.0,99,99.0
CALB,CALB_35_B230.pkl,1253.0,99,99.0
CALB,CALB_35_B247.pkl,1411.0,99,99.0
CALB,CALB_35_B248.pkl,1318.0,99,99.0
CALB,CALB_35_B249.pkl,1301.0,99,99.0
CALB,CALB_35_B250.pkl,1260.0,99,99.0
CALB,CALB_45_B253.pkl,981.0,100,100.0
CALB,CALB_45_B255.pkl,993.0,100,100.0
CALB,CALB_45_B256.pkl,987.0,99,99.0
CALCE,CALCE_CS2_33.pkl,473.0,660,473.0
CALCE,CALCE_CS2_34.pkl,448.0,632,448.0
CALCE,CALCE_CS2_35.pkl,518.0,780,518.0
CALCE,CALCE_CS2_36.pkl,487.0,832,487.0
CALCE,CALCE_CS2_37.pkl,538.0,905,538.0
CALCE,CALCE_CS2_38.pkl,568.0,903,568.0
CALCE,CALCE_CX2_16.pkl,828.0,1279,828.0
CALCE,CALCE_CX2_33.pkl,534.0,1271,534.0
CALCE,CALCE_CX2_34.pkl,534.0,1363,534.0
CALCE,CALCE_CX2_35.pkl,739.0,1454,739.0
CALCE,CALCE_CX2_36.pkl,519.0,1568,519.0
CALCE,CALCE_CX2_37.pkl,579.0,1072,579.0
CALCE,CALCE_CX2_38.pkl,590.0,1579,590.0
HNEI,HNEI_18650_NMC_LCO_25C_0-100_0.5-1.5C_a.pkl,263.0,1086,263.0
HNEI,HNEI_18650_NMC_LCO_25C_0-100_0.5-1.5C_b.pkl,218.0,1080,218.0
HNEI,HNEI_18650_NMC_LCO_25C_0-100_0.5-1.5C_c.pkl,255.0,1081,255.0
HNEI,HNEI_18650_NMC_LCO_25C_0-100_0.5-1.5C_d.pkl,257.0,1081,257.0
HNEI,HNEI_18650_NMC_LCO_25C_0-100_0.5-1.5C_e.pkl,259.0,1107,259.0
HNEI,HNEI_18650_NMC_LCO_25C_0-100_0.5-1.5C_f.pkl,239.0,1075,239.0
HNEI,HNEI_18650_NMC_LCO_25C_0-100_0.5-1.5C_g.pkl,247.0,1082,247.0
HNEI,HNEI_18650_NMC_LCO_25C_0-100_0.5-1.5C_j.pkl,262.0,1076,262.0
HNEI,HNEI_18650_NMC_LCO_25C_0-100_0.5-1.5C_l.pkl,228.0,1081,228.0
HNEI,HNEI_18650_NMC_LCO_25C_0-100_0.5-1.5C_n.pkl,246.0,1082,246.0
HNEI,HNEI_18650_NMC_LCO_25C_0-100_0.5-1.5C_o.pkl,266.0,1082,266.0
HNEI,HNEI_18650_NMC_LCO_25C_0-100_0.5-1.5C_p.pkl,263.0,1080,263.0
HNEI,HNEI_18650_NMC_LCO_25C_0-100_0.5-1.5C_s.pkl,231.0,1088,231.0
HNEI,HNEI_18650_NMC_LCO_25C_0-100_0.5-1.5C_t.pkl,234.0,1083,234.0
HUST,HUST_1-1.pkl,1542.0,1504,1504.0
HUST,HUST_1-2.pkl,2755.0,2678,2678.0
HUST,HUST_1-3.pkl,1911.0,1858,1858.0
HUST,HUST_1-4.pkl,1549.0,1500,1500.0
HUST,HUST_1-5.pkl,2033.0,1971,1971.0
HUST,HUST_1-6.pkl,1179.0,1143,1143.0
HUST,HUST_1-7.pkl,1726.0,1678,1678.0
HUST,HUST_1-8.pkl,2359.0,2285,2285.0
HUST,HUST_10-1.pkl,1760.0,1702,1702.0
HUST,HUST_10-2.pkl,1742.0,1697,1697.0
HUST,HUST_10-3.pkl,1901.0,1848,1848.0
HUST,HUST_10-4.pkl,1849.0,1811,1811.0
HUST,HUST_10-5.pkl,2080.0,2030,2030.0
HUST,HUST_10-6.pkl,2344.0,2285,2285.0
HUST,HUST_10-7.pkl,1821.0,1783,1783.0
HUST,HUST_10-8.pkl,1432.0,1400,1400.0
HUST,HUST_2-2.pkl,2716.0,2651,2651.0
HUST,HUST_2-3.pkl,1810.0,1751,1751.0
HUST,HUST_2-4.pkl,1545.0,1499,1499.0
HUST,HUST_2-5.pkl,1441.0,1386,1386.0
HUST,HUST_2-6.pkl,1621.0,1572,1572.0
HUST,HUST_2-7.pkl,2261.0,2202,2202.0
HUST,HUST_2-8.pkl,1531.0,1481,1481.0
HUST,HUST_3-1.pkl,1995.0,1938,1938.0
HUST,HUST_3-2.pkl,2353.0,2283,2283.0
HUST,HUST_3-3.pkl,1698.0,1649,1649.0
HUST,HUST_3-4.pkl,1829.0,1766,1766.0
HUST,HUST_3-5.pkl,2768.0,2657,2657.0
HUST,HUST_3-6.pkl,2575.0,2491,2491.0
HUST,HUST_3-7.pkl,2569.0,2479,2479.0
HUST,HUST_3-8.pkl,2412.0,2342,2342.0
HUST,HUST_4-1.pkl,2278.0,2217,2217.0
HUST,HUST_4-2.pkl,1812.0,1782,1782.0
HUST,HUST_4-3.pkl,1164.0,1142,1142.0
HUST,HUST_4-4.pkl,1528.0,1491,1491.0
HUST,HUST_4-5.pkl,1600.0,1561,1561.0
HUST,HUST_4-6.pkl,1420.0,1380,1380.0
HUST,HUST_4-7.pkl,2272.0,2216,2216.0
HUST,HUST_4-8.pkl,1747.0,1706,1706.0
HUST,HUST_5-1.pkl,2583.0,2507,2507.0
HUST,HUST_5-2.pkl,1981.0,1926,1926.0
HUST,HUST_5-3.pkl,2764.0,2689,2689.0
HUST,HUST_5-4.pkl,2025.0,1962,1962.0
HUST,HUST_5-5.pkl,1634.0,1583,1583.0
HUST,HUST_5-6.pkl,2538.0,2460,2460.0
HUST,HUST_5-7.pkl,1490.0,1448,1448.0
HUST,HUST_6-1.pkl,1667.0,1609,1609.0
HUST,HUST_6-2.pkl,1972.0,1908,1908.0
HUST,HUST_6-3.pkl,1869.0,1804,1804.0
HUST,HUST_6-4.pkl,1779.0,1717,1717.0
HUST,HUST_6-5.pkl,2255.0,2178,2178.0
HUST,HUST_6-6.pkl,2542.0,2468,2468.0
HUST,HUST_6-8.pkl,2574.0,2450,2450.0
HUST,HUST_7-1.pkl,1752.0,1690,1690.0
HUST,HUST_7-2.pkl,2088.0,2030,2030.0
HUST,HUST_7-3.pkl,1318.0,1295,1295.0
HUST,HUST_7-4.pkl,1421.0,1393,1393.0
HUST,HUST_7-5.pkl,1907.0,1873,1873.0
HUST,HUST_7-6.pkl,1450.0,1419,1419.0
HUST,HUST_7-7.pkl,1726.0,1685,1685.0
HUST,HUST_7-8.pkl,1975.0,1938,1938.0
HUST,HUST_8-1.pkl,1338.0,1308,1308.0
HUST,HUST_8-2.pkl,2100.0,2041,2041.0
HUST,HUST_8-3.pkl,2338.0,2290,2290.0
HUST,HUST_8-4.pkl,1938.0,1885,1885.0
HUST,HUST_8-5.pkl,1382.0,1348,1348.0
HUST,HUST_8-6.pkl,2436.0,2365,2365.0
HUST,HUST_8-7.pkl,2116.0,2047,2047.0
HUST,HUST_8-8.pkl,1722.0,1679,1679.0
HUST,HUST_9-1.pkl,2106.0,2057,2057.0
HUST,HUST_9-2.pkl,2189.0,2143,2143.0
HUST,HUST_9-3.pkl,1946.0,1905,1905.0
HUST,HUST_9-4.pkl,2023.0,1975,1975.0
HUST,HUST_9-5.pkl,2230.0,2168,2168.0
HUST,HUST_9-6.pkl,1793.0,1742,1742.0
HUST,HUST_9-7.pkl,2061.0,2012,2012.0
HUST,HUST_9-8.pkl,2377.0,2308,2308.0
ISU_ILCC,ISU-ILCC_G10C1.pkl,715.0,2035,715.0
ISU_ILCC,ISU-ILCC_G10C2.pkl,842.0,2358,842.0
ISU_ILCC,ISU-ILCC_G10C3.pkl,602.0,1952,602.0
ISU_ILCC,ISU-ILCC_G10C4.pkl,1017.0,3912,1017.0
ISU_ILCC,ISU-ILCC_G12C1.pkl,1560.0,3281,1560.0
ISU_ILCC,ISU-ILCC_G12C2.pkl,836.0,1518,836.0
ISU_ILCC,ISU-ILCC_G12C3.pkl,1910.0,2972,1910.0
ISU_ILCC,ISU-ILCC_G12C4.pkl,2169.0,4920,2169.0
ISU_ILCC,ISU-ILCC_G13C1.pkl,676.0,1943,676.0
ISU_ILCC,ISU-ILCC_G13C2.pkl,906.0,3107,906.0
ISU_ILCC,ISU-ILCC_G13C3.pkl,818.0,1788,818.0
ISU_ILCC,ISU-ILCC_G13C4.pkl,671.0,1886,671.0
ISU_ILCC,ISU-ILCC_G14C1.pkl,276.0,420,276.0
ISU_ILCC,ISU-ILCC_G14C2.pkl,190.0,250,190.0
ISU_ILCC,ISU-ILCC_G14C3.pkl,134.0,168,134.0
ISU_ILCC,ISU-ILCC_G14C4.pkl,169.0,168,168.0
ISU_ILCC,ISU-ILCC_G16C1.pkl,504.0,745,504.0
ISU_ILCC,ISU-ILCC_G16C2.pkl,544.0,679,544.0
ISU_ILCC,ISU-ILCC_G16C3.pkl,545.0,698,545.0
ISU_ILCC,ISU-ILCC_G16C4.pkl,531.0,723,531.0
ISU_ILCC,ISU-ILCC_G17C1.pkl,937.0,1466,937.0
ISU_ILCC,ISU-ILCC_G17C2.pkl,716.0,1237,716.0
ISU_ILCC,ISU-ILCC_G17C3.pkl,932.0,1304,932.0
ISU_ILCC,ISU-ILCC_G17C4.pkl,674.0,1069,674.0
ISU_ILCC,ISU-ILCC_G18C1.pkl,3285.0,14274,3285.0
ISU_ILCC,ISU-ILCC_G18C2.pkl,1737.0,4062,1737.0
ISU_ILCC,ISU-ILCC_G18C3.pkl,1701.0,4050,1701.0
ISU_ILCC,ISU-ILCC_G18C4.pkl,1597.0,3632,1597.0
ISU_ILCC,ISU-ILCC_G19C1.pkl,476.0,1002,476.0
ISU_ILCC,ISU-ILCC_G19C2.pkl,393.0,844,393.0
ISU_ILCC,ISU-ILCC_G19C3.pkl,570.0,1126,570.0
ISU_ILCC,ISU-ILCC_G19C4.pkl,253.0,417,253.0
ISU_ILCC,ISU-ILCC_G1C1.pkl,3323.0,10553,3323.0
ISU_ILCC,ISU-ILCC_G1C2.pkl,3204.0,11400,3204.0
ISU_ILCC,ISU-ILCC_G1C3.pkl,3211.0,11482,3211.0
ISU_ILCC,ISU-ILCC_G1C4.pkl,2612.0,4596,2612.0
ISU_ILCC,ISU-ILCC_G20C1.pkl,325.0,377,325.0
ISU_ILCC,ISU-ILCC_G20C2.pkl,372.0,418,372.0
ISU_ILCC,ISU-ILCC_G20C3.pkl,625.0,763,625.0
ISU_ILCC,ISU-ILCC_G20C4.pkl,639.0,715,639.0
ISU_ILCC,ISU-ILCC_G21C1.pkl,472.0,586,472.0
ISU_ILCC,ISU-ILCC_G21C2.pkl,745.0,926,745.0
ISU_ILCC,ISU-ILCC_G21C3.pkl,448.0,737,448.0
ISU_ILCC,ISU-ILCC_G21C4.pkl,536.0,659,536.0
ISU_ILCC,ISU-ILCC_G22C1.pkl,492.0,586,492.0
ISU_ILCC,ISU-ILCC_G22C2.pkl,308.0,514,308.0
ISU_ILCC,ISU-ILCC_G22C3.pkl,514.0,650,514.0
ISU_ILCC,ISU-ILCC_G22C4.pkl,428.0,523,428.0
ISU_ILCC,ISU-ILCC_G23C1.pkl,499.0,679,499.0
ISU_ILCC,ISU-ILCC_G23C2.pkl,569.0,741,569.0
ISU_ILCC,ISU-ILCC_G23C3.pkl,466.0,629,466.0
ISU_ILCC,ISU-ILCC_G23C4.pkl,547.0,732,547.0
ISU_ILCC,ISU-ILCC_G24C1.pkl,507.0,631,507.0
ISU_ILCC,ISU-ILCC_G24C2.pkl,603.0,756,603.0
ISU_ILCC,ISU-ILCC_G24C3.pkl,420.0,552,420.0
ISU_ILCC,ISU-ILCC_G24C4.pkl,444.0,634,444.0
ISU_ILCC,ISU-ILCC_G25C1.pkl,726.0,1523,726.0
ISU_ILCC,ISU-ILCC_G25C2.pkl,826.0,1589,826.0
ISU_ILCC,ISU-ILCC_G25C3.pkl,935.0,3037,935.0
ISU_ILCC,ISU-ILCC_G27C1.pkl,665.0,8903,665.0
ISU_ILCC,ISU-ILCC_G27C2.pkl,588.0,10367,588.0
ISU_ILCC,ISU-ILCC_G27C3.pkl,446.0,3679,446.0
ISU_ILCC,ISU-ILCC_G27C4.pkl,663.0,8837,663.0
ISU_ILCC,ISU-ILCC_G28C1.pkl,607.0,1693,607.0
ISU_ILCC,ISU-ILCC_G28C2.pkl,440.0,2110,440.0
ISU_ILCC,ISU-ILCC_G28C3.pkl,628.0,2109,628.0
ISU_ILCC,ISU-ILCC_G28C4.pkl,398.0,1633,398.0
ISU_ILCC,ISU-ILCC_G29C1.pkl,1133.0,3117,1133.0
ISU_ILCC,ISU-ILCC_G29C2.pkl,967.0,6560,967.0
ISU_ILCC,ISU-ILCC_G29C3.pkl,1309.0,4246,1309.0
ISU_ILCC,ISU-ILCC_G29C4.pkl,1166.0,3226,1166.0
ISU_ILCC,ISU-ILCC_G2C1.pkl,1119.0,2566,1119.0
ISU_ILCC,ISU-ILCC_G2C2.pkl,743.0,2610,743.0
ISU_ILCC,ISU-ILCC_G2C3.pkl,957.0,2546,957.0
ISU_ILCC,ISU-ILCC_G2C4.pkl,1031.0,2787,1031.0
ISU_ILCC,ISU-ILCC_G30C1.pkl,440.0,1452,440.0
ISU_ILCC,ISU-ILCC_G30C2.pkl,658.0,1231,658.0
ISU_ILCC,ISU-ILCC_G30C3.pkl,664.0,2002,664.0
ISU_ILCC,ISU-ILCC_G30C4.pkl,499.0,943,499.0
ISU_ILCC,ISU-ILCC_G31C1.pkl,537.0,2395,537.0
ISU_ILCC,ISU-ILCC_G31C2.pkl,747.0,2618,747.0
ISU_ILCC,ISU-ILCC_G31C3.pkl,744.0,2533,744.0
ISU_ILCC,ISU-ILCC_G31C4.pkl,716.0,2992,716.0
ISU_ILCC,ISU-ILCC_G32C1.pkl,1608.0,8273,1608.0
ISU_ILCC,ISU-ILCC_G32C2.pkl,1354.0,5857,1354.0
ISU_ILCC,ISU-ILCC_G32C3.pkl,1593.0,7329,1593.0
ISU_ILCC,ISU-ILCC_G32C4.pkl,1569.0,5794,1569.0
ISU_ILCC,ISU-ILCC_G33C1.pkl,1667.0,6453,1667.0
ISU_ILCC,ISU-ILCC_G33C2.pkl,1500.0,5746,1500.0
ISU_ILCC,ISU-ILCC_G33C3.pkl,2646.0,5985,2646.0
ISU_ILCC,ISU-ILCC_G33C4.pkl,1472.0,5009,1472.0
ISU_ILCC,ISU-ILCC_G34C1.pkl,2593.0,13881,2593.0
ISU_ILCC,ISU-ILCC_G34C2.pkl,3109.0,16644,3109.0
ISU_ILCC,ISU-ILCC_G34C3.pkl,2244.0,13646,2244.0
ISU_ILCC,ISU-ILCC_G34C4.pkl,2440.0,16586,2440.0
ISU_ILCC,ISU-ILCC_G35C1.pkl,647.0,1142,647.0
ISU_ILCC,ISU-ILCC_G35C2.pkl,358.0,431,358.0
ISU_ILCC,ISU-ILCC_G35C3.pkl,507.0,761,507.0
ISU_ILCC,ISU-ILCC_G35C4.pkl,445.0,656,445.0
ISU_ILCC,ISU-ILCC_G36C1.pkl,555.0,827,555.0
ISU_ILCC,ISU-ILCC_G36C2.pkl,609.0,971,609.0
ISU_ILCC,ISU-ILCC_G36C3.pkl,569.0,1053,569.0
ISU_ILCC,ISU-ILCC_G36C4.pkl,297.0,427,297.0
ISU_ILCC,ISU-ILCC_G37C1.pkl,698.0,947,698.0
ISU_ILCC,ISU-ILCC_G37C2.pkl,653.0,782,653.0
ISU_ILCC,ISU-ILCC_G37C3.pkl,575.0,725,575.0
ISU_ILCC,ISU-ILCC_G37C4.pkl,487.0,587,487.0
ISU_ILCC,ISU-ILCC_G38C1.pkl,431.0,770,431.0
ISU_ILCC,ISU-ILCC_G38C2.pkl,395.0,564,395.0
ISU_ILCC,ISU-ILCC_G38C3.pkl,588.0,845,588.0
ISU_ILCC,ISU-ILCC_G38C4.pkl,561.0,1135,561.0
ISU_ILCC,ISU-ILCC_G39C1.pkl,490.0,732,490.0
ISU_ILCC,ISU-ILCC_G39C2.pkl,507.0,716,507.0
ISU_ILCC,ISU-ILCC_G39C3.pkl,477.0,728,477.0
ISU_ILCC,ISU-ILCC_G39C4.pkl,553.0,912,553.0
ISU_ILCC,ISU-ILCC_G3C1.pkl,886.0,1993,886.0
ISU_ILCC,ISU-ILCC_G3C2.pkl,522.0,1155,522.0
ISU_ILCC,ISU-ILCC_G3C3.pkl,764.0,1770,764.0
ISU_ILCC,ISU-ILCC_G3C4.pkl,533.0,1164,533.0
ISU_ILCC,ISU-ILCC_G40C1.pkl,2953.0,8897,2953.0
ISU_ILCC,ISU-ILCC_G40C2.pkl,2739.0,9335,2739.0
MATR,MATR_b1c0.pkl,1858.0,1849,1849.0
MATR,MATR_b1c1.pkl,2154.0,2158,2154.0
MATR,MATR_b1c11.pkl,786.0,786,786.0
MATR,MATR_b1c14.pkl,877.0,878,877.0
MATR,MATR_b1c15.pkl,719.0,717,717.0
MATR,MATR_b1c16.pkl,860.0,860,860.0
MATR,MATR_b1c17.pkl,858.0,855,855.0
MATR,MATR_b1c18.pkl,687.0,688,687.0
MATR,MATR_b1c19.pkl,786.0,786,786.0
MATR,MATR_b1c2.pkl,2237.0,2235,2235.0
MATR,MATR_b1c20.pkl,533.0,532,532.0
MATR,MATR_b1c21.pkl,557.0,557,557.0
MATR,MATR_b1c23.pkl,1012.0,1012,1012.0
MATR,MATR_b1c24.pkl,1015.0,1015,1015.0
MATR,MATR_b1c25.pkl,852.0,852,852.0
MATR,MATR_b1c26.pkl,868.0,868,868.0
MATR,MATR_b1c27.pkl,841.0,840,840.0
MATR,MATR_b1c28.pkl,858.0,858,858.0
MATR,MATR_b1c29.pkl,915.0,915,915.0
MATR,MATR_b1c3.pkl,1431.0,1432,1431.0
MATR,MATR_b1c30.pkl,707.0,707,707.0
MATR,MATR_b1c31.pkl,875.0,874,874.0
MATR,MATR_b1c32.pkl,729.0,729,729.0
MATR,MATR_b1c33.pkl,754.0,755,754.0
MATR,MATR_b1c34.pkl,742.0,740,740.0
MATR,MATR_b1c35.pkl,701.0,701,701.0
MATR,MATR_b1c36.pkl,704.0,702,702.0
MATR,MATR_b1c37.pkl,648.0,646,646.0
MATR,MATR_b1c38.pkl,614.0,615,614.0
MATR,MATR_b1c39.pkl,622.0,623,622.0
MATR,MATR_b1c4.pkl,1705.0,1707,1705.0
MATR,MATR_b1c40.pkl,964.0,964,964.0
MATR,MATR_b1c41.pkl,1049.0,1049,1049.0
MATR,MATR_b1c42.pkl,700.0,700,700.0
MATR,MATR_b1c43.pkl,649.0,649,649.0
MATR,MATR_b1c44.pkl,614.0,614,614.0
MATR,MATR_b1c45.pkl,597.0,597,597.0
MATR,MATR_b1c5.pkl,1071.0,1072,1071.0
MATR,MATR_b1c6.pkl,633.0,634,633.0
MATR,MATR_b1c7.pkl,869.0,868,868.0
MATR,MATR_b1c9.pkl,1052.0,1052,1052.0
MATR,MATR_b2c0.pkl,299.0,325,299.0
MATR,MATR_b2c1.pkl,147.0,169,147.0
MATR,MATR_b2c10.pkl,560.0,595,560.0
MATR,MATR_b2c11.pkl,476.0,504,476.0
MATR,MATR_b2c12.pkl,456.0,489,456.0
MATR,MATR_b2c13.pkl,482.0,519,482.0
MATR,MATR_b2c14.pkl,484.0,508,484.0
MATR,MATR_b2c17.pkl,493.0,524,493.0
MATR,MATR_b2c18.pkl,486.0,522,486.0
MATR,MATR_b2c19.pkl,460.0,488,460.0
MATR,MATR_b2c2.pkl,437.0,463,437.0
MATR,MATR_b2c20.pkl,501.0,530,501.0
MATR,MATR_b2c21.pkl,488.0,519,488.0
MATR,MATR_b2c22.pkl,512.0,539,512.0
MATR,MATR_b2c23.pkl,526.0,561,526.0
MATR,MATR_b2c24.pkl,494.0,523,494.0
MATR,MATR_b2c25.pkl,460.0,486,460.0
MATR,MATR_b2c26.pkl,470.0,497,470.0
MATR,MATR_b2c27.pkl,467.0,494,467.0
MATR,MATR_b2c28.pkl,508.0,540,508.0
MATR,MATR_b2c29.pkl,497.0,521,497.0
MATR,MATR_b2c3.pkl,334.0,360,334.0
MATR,MATR_b2c30.pkl,480.0,506,480.0
MATR,MATR_b2c31.pkl,491.0,518,491.0
MATR,MATR_b2c32.pkl,518.0,543,518.0
MATR,MATR_b2c33.pkl,519.0,545,519.0
MATR,MATR_b2c34.pkl,498.0,525,498.0
MATR,MATR_b2c35.pkl,462.0,485,462.0
MATR,MATR_b2c36.pkl,534.0,559,534.0
MATR,MATR_b2c37.pkl,477.0,501,477.0
MATR,MATR_b2c38.pkl,464.0,486,464.0
MATR,MATR_b2c39.pkl,458.0,479,458.0
MATR,MATR_b2c4.pkl,443.0,470,443.0
MATR,MATR_b2c40.pkl,498.0,529,498.0
MATR,MATR_b2c41.pkl,428.0,451,428.0
MATR,MATR_b2c42.pkl,465.0,491,465.0
MATR,MATR_b2c43.pkl,461.0,486,461.0
MATR,MATR_b2c44.pkl,455.0,477,455.0
MATR,MATR_b2c45.pkl,486.0,513,486.0
MATR,MATR_b2c46.pkl,428.0,448,428.0
MATR,MATR_b2c47.pkl,712.0,744,712.0
MATR,MATR_b2c5.pkl,479.0,506,479.0
MATR,MATR_b2c6.pkl,510.0,544,510.0
MATR,MATR_b3c0.pkl,1007.0,1007,1007.0
MATR,MATR_b3c1.pkl,1061.0,1061,1061.0
MATR,MATR_b3c10.pkl,1076.0,1076,1076.0
MATR,MATR_b3c11.pkl,815.0,815,815.0
MATR,MATR_b3c12.pkl,930.0,930,930.0
MATR,MATR_b3c13.pkl,814.0,814,814.0
MATR,MATR_b3c14.pkl,856.0,856,856.0
MATR,MATR_b3c15.pkl,874.0,874,874.0
MATR,MATR_b3c16.pkl,1635.0,1636,1635.0
MATR,MATR_b3c17.pkl,1313.0,1313,1313.0
MATR,MATR_b3c18.pkl,1143.0,1144,1143.0
MATR,MATR_b3c19.pkl,1152.0,1153,1152.0
MATR,MATR_b3c20.pkl,811.0,811,811.0
MATR,MATR_b3c21.pkl,770.0,770,770.0
MATR,MATR_b3c22.pkl,1000.0,1000,1000.0
MATR,MATR_b3c24.pkl,823.0,823,823.0
MATR,MATR_b3c25.pkl,988.0,987,987.0
MATR,MATR_b3c26.pkl,1025.0,1026,1025.0
MATR,MATR_b3c27.pkl,847.0,848,847.0
MATR,MATR_b3c28.pkl,539.0,539,539.0
MATR,MATR_b3c29.pkl,855.0,856,855.0
MATR,MATR_b3c3.pkl,1113.0,1113,1113.0
MATR,MATR_b3c30.pkl,933.0,933,933.0
MATR,MATR_b3c31.pkl,729.0,729,729.0
MATR,MATR_b3c33.pkl,1282.0,1282,1282.0
MATR,MATR_b3c34.pkl,1156.0,1156,1156.0
MATR,MATR_b3c35.pkl,1091.0,1091,1091.0
MATR,MATR_b3c36.pkl,921.0,921,921.0
MATR,MATR_b3c38.pkl,1932.0,1933,1932.0
MATR,MATR_b3c39.pkl,1154.0,1154,1154.0
MATR,MATR_b3c4.pkl,1045.0,1046,1045.0
MATR,MATR_b3c40.pkl,794.0,794,794.0
MATR,MATR_b3c41.pkl,784.0,784,784.0
MATR,MATR_b3c44.pkl,938.0,938,938.0
MATR,MATR_b3c45.pkl,1799.0,1799,1799.0
MATR,MATR_b3c5.pkl,826.0,826,826.0
MATR,MATR_b3c6.pkl,665.0,665,665.0
MATR,MATR_b3c7.pkl,1834.0,1834,1834.0
MATR,MATR_b3c8.pkl,826.0,826,826.0
MATR,MATR_b3c9.pkl,1036.0,1037,1036.0
MATR,MATR_b4c0.pkl,856.0,982,856.0
MATR,MATR_b4c1.pkl,760.0,861,760.0
MATR,MATR_b4c10.pkl,872.0,1082,872.0
MATR,MATR_b4c11.pkl,863.0,930,863.0
MATR,MATR_b4c12.pkl,818.0,898,818.0
MATR,MATR_b4c13.pkl,771.0,869,771.0
MATR,MATR_b4c14.pkl,607.0,767,607.0
MATR,MATR_b4c15.pkl,675.0,871,675.0
MATR,MATR_b4c16.pkl,909.0,983,909.0
MATR,MATR_b4c17.pkl,827.0,930,827.0
MATR,MATR_b4c18.pkl,906.0,1057,906.0
MATR,MATR_b4c19.pkl,991.0,1111,991.0
MATR,MATR_b4c2.pkl,742.0,784,742.0
MATR,MATR_b4c20.pkl,747.0,804,747.0
MATR,MATR_b4c21.pkl,773.0,903,773.0
MATR,MATR_b4c22.pkl,671.0,745,671.0
MATR,MATR_b4c23.pkl,1038.0,1094,1038.0
MATR,MATR_b4c24.pkl,988.0,1115,988.0
MATR,MATR_b4c25.pkl,453.0,567,453.0
MATR,MATR_b4c26.pkl,476.0,579,476.0
MATR,MATR_b4c27.pkl,500.0,563,500.0
MATR,MATR_b4c28.pkl,828.0,882,828.0
MATR,MATR_b4c29.pkl,887.0,956,887.0
MATR,MATR_b4c3.pkl,777.0,911,777.0
MATR,MATR_b4c30.pkl,615.0,719,615.0
MATR,MATR_b4c31.pkl,559.0,832,559.0
MATR,MATR_b4c32.pkl,754.0,839,754.0
MATR,MATR_b4c33.pkl,505.0,530,505.0
MICH,MICH_BLForm10_pouch_NMC_25C_0-100_1-1C_j.pkl,323.0,459,323.0
MICH,MICH_BLForm11_pouch_NMC_25C_0-100_1-1C_a.pkl,314.0,426,314.0
MICH,MICH_BLForm12_pouch_NMC_25C_0-100_1-1C_b.pkl,289.0,433,289.0
MICH,MICH_BLForm13_pouch_NMC_25C_0-100_1-1C_c.pkl,283.0,438,283.0
MICH,MICH_BLForm14_pouch_NMC_25C_0-100_1-1C_d.pkl,325.0,477,325.0
MICH,MICH_BLForm15_pouch_NMC_25C_0-100_1-1C_e.pkl,294.0,442,294.0
MICH,MICH_BLForm16_pouch_NMC_25C_0-100_1-1C_f.pkl,304.0,442,304.0
MICH,MICH_BLForm17_pouch_NMC_25C_0-100_1-1C_g.pkl,267.0,442,267.0
MICH,MICH_BLForm18_pouch_NMC_25C_0-100_1-1C_h.pkl,273.0,439,273.0
MICH,MICH_BLForm19_pouch_NMC_25C_0-100_1-1C_i.pkl,293.0,442,293.0
MICH,MICH_BLForm1_pouch_NMC_45C_0-100_1-1C_a.pkl,313.0,492,313.0
MICH,MICH_BLForm20_pouch_NMC_25C_0-100_1-1C_j.pkl,272.0,442,272.0
MICH,MICH_BLForm2_pouch_NMC_45C_0-100_1-1C_b.pkl,299.0,464,299.0
MICH,MICH_BLForm3_pouch_NMC_45C_0-100_1-1C_c.pkl,373.0,513,373.0
MICH,MICH_BLForm4_pouch_NMC_45C_0-100_1-1C_d.pkl,298.0,492,298.0
MICH,MICH_BLForm5_pouch_NMC_45C_0-100_1-1C_e.pkl,319.0,492,319.0
MICH,MICH_BLForm6_pouch_NMC_45C_0-100_1-1C_f.pkl,345.0,454,345.0
MICH,MICH_BLForm7_pouch_NMC_45C_0-100_1-1C_g.pkl,321.0,457,321.0
MICH,MICH_BLForm8_pouch_NMC_45C_0-100_1-1C_h.pkl,325.0,492,325.0
MICH,MICH_BLForm9_pouch_NMC_45C_0-100_1-1C_i.pkl,191.0,574,191.0
MICH,MICH_MCForm21_pouch_NMC_25C_0-100_1-1C_a.pkl,362.0,477,362.0
MICH,MICH_MCForm22_pouch_NMC_25C_0-100_1-1C_b.pkl,302.0,491,302.0
MICH,MICH_MCForm23_pouch_NMC_25C_0-100_1-1C_c.pkl,390.0,540,390.0
MICH,MICH_MCForm24_pouch_NMC_25C_0-100_1-1C_d.pkl,329.0,477,329.0
MICH,MICH_MCForm25_pouch_NMC_25C_0-100_1-1C_e.pkl,407.0,589,407.0
MICH,MICH_MCForm26_pouch_NMC_25C_0-100_1-1C_f.pkl,413.0,589,413.0
MICH,MICH_MCForm27_pouch_NMC_25C_0-100_1-1C_g.pkl,376.0,540,376.0
MICH,MICH_MCForm28_pouch_NMC_25C_0-100_1-1C_h.pkl,380.0,589,380.0
MICH,MICH_MCForm29_pouch_NMC_25C_0-100_1-1C_i.pkl,355.0,553,355.0
MICH,MICH_MCForm30_pouch_NMC_25C_0-100_1-1C_j.pkl,375.0,540,375.0
MICH,MICH_MCForm31_pouch_NMC_45C_0-100_1-1C_a.pkl,365.0,512,365.0
MICH,MICH_MCForm32_pouch_NMC_45C_0-100_1-1C_b.pkl,379.0,492,379.0
MICH,MICH_MCForm33_pouch_NMC_45C_0-100_1-1C_c.pkl,387.0,502,387.0
MICH,MICH_MCForm34_pouch_NMC_45C_0-100_1-1C_d.pkl,457.0,581,457.0
MICH,MICH_MCForm35_pouch_NMC_45C_0-100_1-1C_e.pkl,351.0,446,351.0
MICH,MICH_MCForm36_pouch_NMC_45C_0-100_1-1C_f.pkl,379.0,541,379.0
MICH,MICH_MCForm37_pouch_NMC_45C_0-100_1-1C_g.pkl,404.0,541,404.0
MICH,MICH_MCForm38_pouch_NMC_45C_0-100_1-1C_h.pkl,363.0,502,363.0
MICH,MICH_MCForm39_pouch_NMC_45C_0-100_1-1C_i.pkl,395.0,541,395.0
MICH,MICH_MCForm40_pouch_NMC_45C_0-100_1-1C_j.pkl,392.0,540,392.0
MICH_EXP,MICH_01R_pouch_NMC_25C_0-100_0.2-0.2C.pkl,269.0,379,269.0
MICH_EXP,MICH_02C_pouch_NMC_-5C_0-100_0.2-0.2C.pkl,204.0,293,204.0
MICH_EXP,MICH_03H_pouch_NMC_45C_0-100_0.2-0.2C.pkl,107.0,103,103.0
MICH_EXP,MICH_04R_pouch_NMC_25C_0-100_1.5-1.5C.pkl,174.0,327,174.0
MICH_EXP,MICH_05C_pouch_NMC_-5C_0-100_1.5-1.5C.pkl,1.0,573,1.0
MICH_EXP,MICH_06H_pouch_NMC_45C_0-100_1.5-1.5C.pkl,131.0,177,131.0
MICH_EXP,MICH_07R_pouch_NMC_25C_0-100_2-2C.pkl,112.0,245,112.0
MICH_EXP,MICH_08C_pouch_NMC_-5C_0-100_2-2C.pkl,1.0,573,1.0
MICH_EXP,MICH_09H_pouch_NMC_45C_0-100_2-2C.pkl,99.0,175,99.0
MICH_EXP,MICH_10R_pouch_NMC_25C_0-100_0.2-1.5C.pkl,268.0,439,268.0
MICH_EXP,MICH_11C_pouch_NMC_-5C_0-100_0.2-1.5C.pkl,1.0,540,1.0
MICH_EXP,MICH_12H_pouch_NMC_45C_0-100_0.2-1.5C.pkl,115.0,182,115.0
MICH_EXP,MICH_13R_pouch_NMC_25C_50-100_0.2-0.2C.pkl,,532,
MICH_EXP,MICH_14C_pouch_NMC_-5C_50-100_0.2-0.2C.pkl,,452,
MICH_EXP,MICH_15H_pouch_NMC_45C_50-100_0.2-0.2C.pkl,,171,
MICH_EXP,MICH_16R_pouch_NMC_25C_50-100_0.2-1.5C.pkl,,532,
MICH_EXP,MICH_17C_pouch_NMC_-5C_50-100_0.2-1.5C.pkl,,557,
MICH_EXP,MICH_18H_pouch_NMC_45C_50-100_0.2-1.5C.pkl,,295,
NA-ion,NA-ion_270040-1-1-64.pkl,,91,
NA-ion,NA-ion_270040-1-2-63.pkl,177.0,235,177.0
NA-ion,NA-ion_270040-1-3-62.pkl,268.0,175,175.0
NA-ion,NA-ion_270040-1-4-61.pkl,,232,
NA-ion,NA-ion_270040-1-5-60.pkl,165.0,236,165.0
NA-ion,NA-ion_270040-1-6-59.pkl,201.0,240,201.0
NA-ion,NA-ion_270040-1-7-58.pkl,214.0,223,214.0
NA-ion,NA-ion_270040-1-8-57.pkl,307.0,240,240.0
NA-ion,NA-ion_270040-2-1-12.pkl,,121,
NA-ion,NA-ion_270040-2-2-12.pkl,158.0,128,128.0
NA-ion,NA-ion_270040-2-3-12.pkl,,121,
NA-ion,NA-ion_270040-2-4-12.pkl,,134,
NA-ion,NA-ion_270040-2-5-12.pkl,117.0,129,117.0
NA-ion,NA-ion_270040-2-6-12.pkl,,134,
NA-ion,NA-ion_270040-2-7-12.pkl,,132,
NA-ion,NA-ion_270040-2-8-12.pkl,,120,
NA-ion,NA-ion_270040-3-1-56.pkl,128.0,205,128.0
NA-ion,NA-ion_270040-3-2-55.pkl,200.0,215,200.0
NA-ion,NA-ion_270040-3-3-54.pkl,132.0,233,132.0
NA-ion,NA-ion_270040-3-4-53.pkl,184.0,225,184.0
NA-ion,NA-ion_270040-3-5-52.pkl,231.0,251,231.0
NA-ion,NA-ion_270040-3-6-51.pkl,,246,
NA-ion,NA-ion_270040-3-7-50.pkl,108.0,184,108.0
NA-ion,NA-ion_270040-3-8-49.pkl,251.0,251,251.0
NA-ion,NA-ion_270040-4-1-48.pkl,235.0,249,235.0
NA-ion,NA-ion_270040-4-2-47.pkl,196.0,202,196.0
NA-ion,NA-ion_270040-4-3-46.pkl,227.0,243,227.0
NA-ion,NA-ion_270040-4-4-45.pkl,,234,
NA-ion,NA-ion_270040-4-5-44.pkl,,244,
NA-ion,NA-ion_270040-4-6-43.pkl,142.0,194,142.0
NA-ion,NA-ion_270040-4-7-42.pkl,,237,
NA-ion,NA-ion_270040-4-8-41.pkl,,100,
NA-ion,NA-ion_270040-5-1-39.pkl,128.0,225,128.0
NA-ion,NA-ion_270040-5-2-38.pkl,120.0,226,120.0
NA-ion,NA-ion_270040-5-3-37.pkl,255.0,211,211.0
NA-ion,NA-ion_270040-5-4-36.pkl,,108,
NA-ion,NA-ion_270040-5-5-35.pkl,180.0,244,180.0
NA-ion,NA-ion_270040-5-6-34.pkl,131.0,223,131.0
NA-ion,NA-ion_270040-5-7-33.pkl,177.0,212,177.0
NA-ion,NA-ion_270040-5-8-32.pkl,102.0,200,102.0
NA-ion,NA-ion_270040-6-1-31.pkl,,244,
NA-ion,NA-ion_270040-6-2-30.pkl,154.0,171,154.0
NA-ion,NA-ion_270040-6-3-29.pkl,,239,
NA-ion,NA-ion_270040-6-4-28.pkl,,238,
NA-ion,NA-ion_270040-6-5-27.pkl,,101,
NA-ion,NA-ion_270040-6-6-26.pkl,232.0,241,232.0
NA-ion,NA-ion_270040-6-7-25.pkl,,239,
NA-ion,NA-ion_270040-6-8-24.pkl,269.0,235,235.0
NA-ion,NA-ion_270040-7-1-23.pkl,182.0,248,182.0
NA-ion,NA-ion_270040-7-2-22.pkl,,179,
NA-ion,NA-ion_270040-7-3-21.pkl,,242,
NA-ion,NA-ion_270040-8-1-20.pkl,,239,
NA-ion,NA-ion_270040-8-2-19.pkl,,239,
NA-ion,NA-ion_270040-8-3-18.pkl,,97,
NA-ion,NA-ion_270040-8-4-17.pkl,,237,
NA-ion,NA-ion_270040-8-5-16.pkl,148.0,128,128.0
NA-ion,NA-ion_270040-8-6-15.pkl,,236,
NA-ion,NA-ion_270040-8-7-14.pkl,,234,
NA-ion,NA-ion_270040-8-8-13.pkl,,239,
NA-ion,NA-ion_2850-30_20250117105706_DefaultGroup_45_2.pkl,,170,
NA-ion,NA-ion_4000-30_20250115110206_DefaultGroup_45_1.pkl,119.0,119,119.0
NA-ion,NA-ion_4500-30_20250114232539_DefaultGroup_45_8.pkl,164.0,164,164.0
NA-ion,NA-ion_5000-25_20250115110326_DefaultGroup_38_1.pkl,135.0,135,135.0
NA-ion,NA-ion_5000-25_20250115110326_DefaultGroup_38_2.pkl,,137,
RWTH,RWTH_002.pkl,737.0,2413,737.0
RWTH,RWTH_003.pkl,621.0,2437,621.0
RWTH,RWTH_004.pkl,630.0,2416,630.0
RWTH,RWTH_005.pkl,740.0,2396,740.0
RWTH,RWTH_006.pkl,720.0,2418,720.0
RWTH,RWTH_007.pkl,752.0,2414,752.0
RWTH,RWTH_008.pkl,688.0,2415,688.0
RWTH,RWTH_009.pkl,629.0,2399,629.0
RWTH,RWTH_010.pkl,696.0,2441,696.0
RWTH,RWTH_011.pkl,669.0,2437,669.0
RWTH,RWTH_012.pkl,778.0,2448,778.0
RWTH,RWTH_013.pkl,700.0,2447,700.0
RWTH,RWTH_014.pkl,579.0,2309,579.0
RWTH,RWTH_015.pkl,759.0,2287,759.0
RWTH,RWTH_016.pkl,740.0,2286,740.0
RWTH,RWTH_017.pkl,627.0,2279,627.0
RWTH,RWTH_018.pkl,678.0,2244,678.0
RWTH,RWTH_019.pkl,585.0,2287,585.0
RWTH,RWTH_020.pkl,695.0,2237,695.0
RWTH,RWTH_021.pkl,614.0,2283,614.0
RWTH,RWTH_022.pkl,616.0,2283,616.0
RWTH,RWTH_023.pkl,722.0,2322,722.0
RWTH,RWTH_024.pkl,761.0,2321,761.0
RWTH,RWTH_025.pkl,706.0,2309,706.0
RWTH,RWTH_026.pkl,575.0,2007,575.0
RWTH,RWTH_027.pkl,581.0,2012,581.0
RWTH,RWTH_028.pkl,607.0,2010,607.0
RWTH,RWTH_029.pkl,643.0,2011,643.0
RWTH,RWTH_030.pkl,678.0,1488,678.0
RWTH,RWTH_031.pkl,714.0,2264,714.0
RWTH,RWTH_032.pkl,667.0,2283,667.0
RWTH,RWTH_033.pkl,732.0,2259,732.0
RWTH,RWTH_034.pkl,663.0,2126,663.0
RWTH,RWTH_035.pkl,669.0,2153,669.0
RWTH,RWTH_036.pkl,710.0,2149,710.0
RWTH,RWTH_037.pkl,677.0,2168,677.0
RWTH,RWTH_038.pkl,510.0,1964,510.0
RWTH,RWTH_039.pkl,538.0,1948,538.0
RWTH,RWTH_040.pkl,533.0,1944,533.0
RWTH,RWTH_041.pkl,596.0,1944,596.0
RWTH,RWTH_042.pkl,599.0,1896,599.0
RWTH,RWTH_043.pkl,658.0,1895,658.0
RWTH,RWTH_044.pkl,651.0,1894,651.0
RWTH,RWTH_045.pkl,636.0,1896,636.0
RWTH,RWTH_046.pkl,576.0,2136,576.0
RWTH,RWTH_047.pkl,629.0,2151,629.0
RWTH,RWTH_048.pkl,623.0,2136,623.0
RWTH,RWTH_049.pkl,670.0,2135,670.0
SDU,SDU_Battery_1.pkl,820.0,961,820.0
SDU,SDU_Battery_10.pkl,399.0,436,399.0
SDU,SDU_Battery_11.pkl,543.0,555,543.0
SDU,SDU_Battery_12.pkl,465.0,486,465.0
SDU,SDU_Battery_13.pkl,498.0,521,498.0
SDU,SDU_Battery_14.pkl,485.0,511,485.0
SDU,SDU_Battery_15.pkl,560.0,586,560.0
SDU,SDU_Battery_16.pkl,565.0,586,565.0
SDU,SDU_Battery_17.pkl,411.0,410,410.0
SDU,SDU_Battery_18.pkl,441.0,441,441.0
SDU,SDU_Battery_19.pkl,416.0,416,416.0
SDU,SDU_Battery_2.pkl,789.0,895,789.0
SDU,SDU_Battery_20.pkl,423.0,416,416.0
SDU,SDU_Battery_21.pkl,484.0,486,484.0
SDU,SDU_Battery_22.pkl,493.0,491,491.0
SDU,SDU_Battery_23.pkl,413.0,486,413.0
SDU,SDU_Battery_24.pkl,365.0,441,365.0
SDU,SDU_Battery_25.pkl,355.0,441,355.0
SDU,SDU_Battery_26.pkl,480.0,546,480.0
SDU,SDU_Battery_27.pkl,410.0,491,410.0
SDU,SDU_Battery_28.pkl,389.0,461,389.0
SDU,SDU_Battery_29.pkl,395.0,491,395.0
SDU,SDU_Battery_3.pkl,694.0,856,694.0
SDU,SDU_Battery_30.pkl,374.0,446,374.0
SDU,SDU_Battery_31.pkl,138.0,181,138.0
SDU,SDU_Battery_32.pkl,,126,
SDU,SDU_Battery_33.pkl,150.0,196,150.0
SDU,SDU_Battery_34.pkl,124.0,166,124.0
SDU,SDU_Battery_35.pkl,113.0,156,113.0
SDU,SDU_Battery_36.pkl,104.0,141,104.0
SDU,SDU_Battery_37.pkl,110.0,151,110.0
SDU,SDU_Battery_38.pkl,,111,
SDU,SDU_Battery_39.pkl,,76,
SDU,SDU_Battery_4.pkl,770.0,886,770.0
SDU,SDU_Battery_40.pkl,,71,
SDU,SDU_Battery_41.pkl,,91,
SDU,SDU_Battery_42.pkl,,76,
SDU,SDU_Battery_43.pkl,,76,
SDU,SDU_Battery_44.pkl,,66,
SDU,SDU_Battery_45.pkl,794.0,1121,794.0
SDU,SDU_Battery_46.pkl,760.0,1076,760.0
SDU,SDU_Battery_47.pkl,820.0,1126,820.0
SDU,SDU_Battery_48.pkl,762.0,1059,762.0
SDU,SDU_Battery_49.pkl,884.0,1351,884.0
SDU,SDU_Battery_5.pkl,845.0,1056,845.0
SDU,SDU_Battery_50.pkl,919.0,1414,919.0
SDU,SDU_Battery_51.pkl,927.0,1426,927.0
SDU,SDU_Battery_52.pkl,848.0,1251,848.0
SDU,SDU_Battery_53.pkl,104.0,126,104.0
SDU,SDU_Battery_54.pkl,169.0,196,169.0
SDU,SDU_Battery_55.pkl,113.0,131,113.0
SDU,SDU_Battery_56.pkl,124.0,146,124.0
SDU,SDU_Battery_57.pkl,,91,
SDU,SDU_Battery_58.pkl,,76,
SDU,SDU_Battery_59.pkl,,91,
SDU,SDU_Battery_6.pkl,905.0,1116,905.0
SDU,SDU_Battery_60.pkl,,86,
SDU,SDU_Battery_61.pkl,373.0,396,373.0
SDU,SDU_Battery_62.pkl,415.0,436,415.0
SDU,SDU_Battery_63.pkl,329.0,366,329.0
SDU,SDU_Battery_64.pkl,389.0,416,389.0
SDU,SDU_Battery_65.pkl,245.0,235,235.0
SDU,SDU_Battery_66.pkl,284.0,276,276.0
SDU,SDU_Battery_67.pkl,185.0,186,185.0
SDU,SDU_Battery_68.pkl,199.0,196,196.0
SDU,SDU_Battery_69.pkl,,76,
SDU,SDU_Battery_7.pkl,890.0,1046,890.0
SDU,SDU_Battery_70.pkl,,111,
SDU,SDU_Battery_71.pkl,,86,
SDU,SDU_Battery_72.pkl,,86,
SDU,SDU_Battery_73.pkl,1180.0,1180,1180.0
SDU,SDU_Battery_74.pkl,1320.0,1320,1320.0
SDU,SDU_Battery_75.pkl,955.0,955,955.0
SDU,SDU_Battery_76.pkl,1049.0,1125,1049.0
SDU,SDU_Battery_77.pkl,1005.0,1071,1005.0
SDU,SDU_Battery_78.pkl,959.0,1026,959.0
SDU,SDU_Battery_79.pkl,1024.0,1081,1024.0
SDU,SDU_Battery_8.pkl,579.0,711,579.0
SDU,SDU_Battery_80.pkl,999.0,1065,999.0
SDU,SDU_Battery_81.pkl,1114.0,1191,1114.0
SDU,SDU_Battery_82.pkl,1074.0,1145,1074.0
SDU,SDU_Battery_83.pkl,933.0,1200,933.0
SDU,SDU_Battery_84.pkl,844.0,1136,844.0
SDU,SDU_Battery_85.pkl,1005.0,1206,1005.0
SDU,SDU_Battery_86.pkl,859.0,1041,859.0
SDU,SDU_Battery_9.pkl,383.0,416,383.0
SNL,SNL_18650_LFP_15C_0-100_0.5-2C_b.pkl,,3754,
SNL,SNL_18650_LFP_25C_0-100_0.5-0.5C_a.pkl,,3050,
SNL,SNL_18650_LFP_25C_0-100_0.5-1C_a.pkl,,3545,
SNL,SNL_18650_LFP_25C_0-100_0.5-1C_b.pkl,,3636,
SNL,SNL_18650_LFP_25C_0-100_0.5-1C_c.pkl,,3038,
SNL,SNL_18650_LFP_25C_0-100_0.5-1C_d.pkl,,3038,
SNL,SNL_18650_LFP_25C_0-100_0.5-2C_a.pkl,,3544,
SNL,SNL_18650_LFP_25C_0-100_0.5-2C_b.pkl,,4050,
SNL,SNL_18650_LFP_25C_0-100_0.5-3C_a.pkl,3197.0,4569,3197.0
SNL,SNL_18650_LFP_25C_0-100_0.5-3C_b.pkl,2902.0,4062,2902.0
SNL,SNL_18650_LFP_25C_0-100_0.5-3C_c.pkl,2325.0,3555,2325.0
SNL,SNL_18650_LFP_25C_0-100_0.5-3C_d.pkl,3139.0,4062,3139.0
SNL,SNL_18650_LFP_35C_0-100_0.5-1C_a.pkl,,3156,
SNL,SNL_18650_LFP_35C_0-100_0.5-1C_b.pkl,3162.0,3342,3162.0
SNL,SNL_18650_LFP_35C_0-100_0.5-1C_c.pkl,3308.0,3342,3308.0
SNL,SNL_18650_LFP_35C_0-100_0.5-1C_d.pkl,3768.0,3798,3768.0
SNL,SNL_18650_LFP_35C_0-100_0.5-2C_a.pkl,3842.0,3856,3842.0
SNL,SNL_18650_LFP_35C_0-100_0.5-2C_b.pkl,2651.0,3598,2651.0
SNL,SNL_18650_NCA_15C_0-100_0.5-1C_a.pkl,331.0,522,331.0
SNL,SNL_18650_NCA_15C_0-100_0.5-1C_b.pkl,632.0,918,632.0
SNL,SNL_18650_NCA_15C_0-100_0.5-2C_a.pkl,226.0,916,226.0
SNL,SNL_18650_NCA_15C_0-100_0.5-2C_b.pkl,250.0,784,250.0
SNL,SNL_18650_NCA_25C_0-100_0.5-0.5C_a.pkl,296.0,513,296.0
SNL,SNL_18650_NCA_25C_0-100_0.5-0.5C_b.pkl,180.0,916,180.0
SNL,SNL_18650_NCA_25C_0-100_0.5-1C_a.pkl,378.0,654,378.0
SNL,SNL_18650_NCA_25C_0-100_0.5-1C_b.pkl,310.0,522,310.0
SNL,SNL_18650_NCA_25C_0-100_0.5-1C_c.pkl,333.0,522,333.0
SNL,SNL_18650_NCA_25C_0-100_0.5-1C_d.pkl,382.0,654,382.0
SNL,SNL_18650_NCA_25C_0-100_0.5-2C_a.pkl,335.0,786,335.0
SNL,SNL_18650_NCA_25C_0-100_0.5-2C_b.pkl,320.0,786,320.0
SNL,SNL_18650_NCA_25C_20-80_0.5-0.5C_a.pkl,711.0,1123,711.0
SNL,SNL_18650_NCA_25C_20-80_0.5-0.5C_b.pkl,976.0,1250,976.0
SNL,SNL_18650_NCA_25C_20-80_0.5-0.5C_c.pkl,792.0,1251,792.0
SNL,SNL_18650_NCA_25C_20-80_0.5-0.5C_d.pkl,840.0,1509,840.0
SNL,SNL_18650_NCA_35C_0-100_0.5-1C_a.pkl,395.0,515,395.0
SNL,SNL_18650_NCA_35C_0-100_0.5-1C_b.pkl,337.0,464,337.0
SNL,SNL_18650_NCA_35C_0-100_0.5-1C_c.pkl,406.0,515,406.0
SNL,SNL_18650_NCA_35C_0-100_0.5-1C_d.pkl,444.0,654,444.0
SNL,SNL_18650_NCA_35C_0-100_0.5-2C_a.pkl,263.0,654,263.0
SNL,SNL_18650_NCA_35C_0-100_0.5-2C_b.pkl,229.0,786,229.0
SNL,SNL_18650_NMC_15C_0-100_0.5-1C_a.pkl,147.0,513,147.0
SNL,SNL_18650_NMC_15C_0-100_0.5-1C_b.pkl,143.0,513,143.0
SNL,SNL_18650_NMC_15C_0-100_0.5-2C_a.pkl,152.0,389,152.0
SNL,SNL_18650_NMC_15C_0-100_0.5-2C_b.pkl,143.0,389,143.0
SNL,SNL_18650_NMC_25C_0-100_0.5-0.5C_b.pkl,506.0,679,506.0
SNL,SNL_18650_NMC_25C_0-100_0.5-1C_a.pkl,406.0,521,406.0
SNL,SNL_18650_NMC_25C_0-100_0.5-1C_b.pkl,468.0,785,468.0
SNL,SNL_18650_NMC_25C_0-100_0.5-1C_c.pkl,333.0,397,333.0
SNL,SNL_18650_NMC_25C_0-100_0.5-1C_d.pkl,391.0,529,391.0
SNL,SNL_18650_NMC_25C_0-100_0.5-2C_a.pkl,333.0,661,333.0
SNL,SNL_18650_NMC_25C_0-100_0.5-2C_b.pkl,492.0,1321,492.0
SNL,SNL_18650_NMC_25C_0-100_0.5-3C_a.pkl,422.0,730,422.0
SNL,SNL_18650_NMC_25C_0-100_0.5-3C_b.pkl,428.0,552,428.0
SNL,SNL_18650_NMC_25C_0-100_0.5-3C_c.pkl,602.0,698,602.0
SNL,SNL_18650_NMC_25C_0-100_0.5-3C_d.pkl,600.0,905,600.0
SNL,SNL_18650_NMC_35C_0-100_0.5-1C_a.pkl,500.0,786,500.0
SNL,SNL_18650_NMC_35C_0-100_0.5-1C_b.pkl,523.0,786,523.0
SNL,SNL_18650_NMC_35C_0-100_0.5-1C_c.pkl,637.0,785,637.0
SNL,SNL_18650_NMC_35C_0-100_0.5-1C_d.pkl,592.0,786,592.0
SNL,SNL_18650_NMC_35C_0-100_0.5-2C_a.pkl,639.0,786,639.0
SNL,SNL_18650_NMC_35C_0-100_0.5-2C_b.pkl,566.0,772,566.0
Stanford,Stanford_Nova_Regular_191.pkl,665.0,1042,665.0
Stanford,Stanford_Nova_Regular_192.pkl,621.0,934,621.0
Stanford,Stanford_Nova_Regular_193.pkl,612.0,847,612.0
Stanford,Stanford_Nova_Regular_194.pkl,621.0,971,621.0
Stanford,Stanford_Nova_Regular_195.pkl,603.0,1019,603.0
Stanford,Stanford_Nova_Regular_196.pkl,647.0,932,647.0
Stanford,Stanford_Nova_Regular_198.pkl,556.0,848,556.0
Stanford,Stanford_Nova_Regular_199.pkl,606.0,1006,606.0
Stanford,Stanford_Nova_Regular_200.pkl,572.0,1027,572.0
Stanford,Stanford_Nova_Regular_201.pkl,669.0,919,669.0
Stanford,Stanford_Nova_Regular_202.pkl,613.0,1016,613.0
Stanford,Stanford_Nova_Regular_203.pkl,642.0,831,642.0
Stanford,Stanford_Nova_Regular_204.pkl,587.0,835,587.0
Stanford,Stanford_Nova_Regular_205.pkl,714.0,833,714.0
Stanford,Stanford_Nova_Regular_206.pkl,718.0,1050,718.0
Stanford,Stanford_Nova_Regular_207.pkl,682.0,1105,682.0
Stanford,Stanford_Nova_Regular_208.pkl,629.0,776,629.0
Stanford,Stanford_Nova_Regular_209.pkl,618.0,899,618.0
Stanford,Stanford_Nova_Regular_210.pkl,631.0,794,631.0
Stanford,Stanford_Nova_Regular_211.pkl,722.0,981,722.0
Stanford,Stanford_Nova_Regular_212.pkl,672.0,804,672.0
Stanford,Stanford_Nova_Regular_213.pkl,613.0,1020,613.0
Stanford,Stanford_Nova_Regular_214.pkl,885.0,925,885.0
Stanford,Stanford_Nova_Regular_215.pkl,749.0,1099,749.0
Stanford,Stanford_Nova_Regular_216.pkl,805.0,922,805.0
Stanford,Stanford_Nova_Regular_217.pkl,640.0,1044,640.0
Stanford,Stanford_Nova_Regular_219.pkl,597.0,838,597.0
Stanford,Stanford_Nova_Regular_220.pkl,736.0,1019,736.0
Stanford,Stanford_Nova_Regular_221.pkl,596.0,848,596.0
Stanford,Stanford_Nova_Regular_222.pkl,646.0,824,646.0
Stanford,Stanford_Nova_Regular_223.pkl,886.0,1037,886.0
Stanford,Stanford_Nova_Regular_224.pkl,1004.0,1420,1004.0
Stanford,Stanford_Nova_Regular_225.pkl,859.0,1042,859.0
Stanford,Stanford_Nova_Regular_226.pkl,824.0,1128,824.0
Stanford,Stanford_Nova_Regular_227.pkl,909.0,1133,909.0
Stanford,Stanford_Nova_Regular_228.pkl,917.0,1124,917.0
Stanford,Stanford_Nova_Regular_229.pkl,834.0,936,834.0
Stanford,Stanford_Nova_Regular_230.pkl,881.0,1219,881.0
Stanford,Stanford_Nova_Regular_Ref_100.pkl,668.0,785,668.0
Stanford,Stanford_Nova_Regular_Ref_101.pkl,665.0,778,665.0
Stanford,Stanford_Nova_Regular_Ref_102.pkl,473.0,719,473.0
Stanford_2,Stanford_Nova_Regular_100.pkl,470.0,919,470.0
Stanford_2,Stanford_Nova_Regular_101.pkl,533.0,859,533.0
Stanford_2,Stanford_Nova_Regular_102.pkl,534.0,1032,534.0
Stanford_2,Stanford_Nova_Regular_103.pkl,470.0,819,470.0
Stanford_2,Stanford_Nova_Regular_104.pkl,589.0,1012,589.0
Stanford_2,Stanford_Nova_Regular_105.pkl,514.0,773,514.0
Stanford_2,Stanford_Nova_Regular_106.pkl,817.0,1043,817.0
Stanford_2,Stanford_Nova_Regular_107.pkl,837.0,1039,837.0
Stanford_2,Stanford_Nova_Regular_108.pkl,804.0,1040,804.0
Stanford_2,Stanford_Nova_Regular_109.pkl,618.0,1171,618.0
Stanford_2,Stanford_Nova_Regular_110.pkl,636.0,1023,636.0
Stanford_2,Stanford_Nova_Regular_112.pkl,525.0,819,525.0
Stanford_2,Stanford_Nova_Regular_113.pkl,540.0,930,540.0
Stanford_2,Stanford_Nova_Regular_114.pkl,564.0,1031,564.0
Stanford_2,Stanford_Nova_Regular_115.pkl,488.0,838,488.0
Stanford_2,Stanford_Nova_Regular_116.pkl,463.0,1043,463.0
Stanford_2,Stanford_Nova_Regular_117.pkl,576.0,934,576.0
Stanford_2,Stanford_Nova_Regular_118.pkl,564.0,881,564.0
Stanford_2,Stanford_Nova_Regular_119.pkl,634.0,835,634.0
Stanford_2,Stanford_Nova_Regular_120.pkl,700.0,861,700.0
Stanford_2,Stanford_Nova_Regular_121.pkl,540.0,836,540.0
Stanford_2,Stanford_Nova_Regular_122.pkl,643.0,820,643.0
Stanford_2,Stanford_Nova_Regular_123.pkl,533.0,854,533.0
Stanford_2,Stanford_Nova_Regular_124.pkl,641.0,924,641.0
Stanford_2,Stanford_Nova_Regular_125.pkl,593.0,985,593.0
Stanford_2,Stanford_Nova_Regular_126.pkl,628.0,1159,628.0
Stanford_2,Stanford_Nova_Regular_127.pkl,858.0,1020,858.0
Stanford_2,Stanford_Nova_Regular_128.pkl,780.0,1050,780.0
Stanford_2,Stanford_Nova_Regular_129.pkl,798.0,1050,798.0
Stanford_2,Stanford_Nova_Regular_130.pkl,809.0,938,809.0
Stanford_2,Stanford_Nova_Regular_131.pkl,682.0,873,682.0
Stanford_2,Stanford_Nova_Regular_134.pkl,757.0,966,757.0
Stanford_2,Stanford_Nova_Regular_135.pkl,542.0,830,542.0
Stanford_2,Stanford_Nova_Regular_136.pkl,660.0,980,660.0
Stanford_2,Stanford_Nova_Regular_137.pkl,678.0,1024,678.0
Stanford_2,Stanford_Nova_Regular_138.pkl,701.0,928,701.0
Stanford_2,Stanford_Nova_Regular_139.pkl,636.0,1161,636.0
Stanford_2,Stanford_Nova_Regular_140.pkl,608.0,924,608.0
Stanford_2,Stanford_Nova_Regular_141.pkl,610.0,849,610.0
Stanford_2,Stanford_Nova_Regular_142.pkl,907.0,1019,907.0
Stanford_2,Stanford_Nova_Regular_143.pkl,1046.0,1300,1046.0
Stanford_2,Stanford_Nova_Regular_144.pkl,841.0,935,841.0
Stanford_2,Stanford_Nova_Regular_145.pkl,664.0,921,664.0
Stanford_2,Stanford_Nova_Regular_146.pkl,635.0,920,635.0
Stanford_2,Stanford_Nova_Regular_147.pkl,595.0,897,595.0
Stanford_2,Stanford_Nova_Regular_148.pkl,567.0,1019,567.0
Stanford_2,Stanford_Nova_Regular_149.pkl,537.0,1083,537.0
Stanford_2,Stanford_Nova_Regular_150.pkl,469.0,856,469.0
Stanford_2,Stanford_Nova_Regular_151.pkl,731.0,923,731.0
Stanford_2,Stanford_Nova_Regular_152.pkl,615.0,1001,615.0
Stanford_2,Stanford_Nova_Regular_154.pkl,713.0,956,713.0
Stanford_2,Stanford_Nova_Regular_155.pkl,728.0,934,728.0
Stanford_2,Stanford_Nova_Regular_156.pkl,583.0,1006,583.0
Stanford_2,Stanford_Nova_Regular_157.pkl,849.0,1068,849.0
Stanford_2,Stanford_Nova_Regular_158.pkl,792.0,927,792.0
Stanford_2,Stanford_Nova_Regular_159.pkl,702.0,968,702.0
Stanford_2,Stanford_Nova_Regular_160.pkl,682.0,1012,682.0
Stanford_2,Stanford_Nova_Regular_161.pkl,554.0,921,554.0
Stanford_2,Stanford_Nova_Regular_162.pkl,578.0,878,578.0
Stanford_2,Stanford_Nova_Regular_163.pkl,974.0,1141,974.0
Stanford_2,Stanford_Nova_Regular_165.pkl,1011.0,1246,1011.0
Stanford_2,Stanford_Nova_Regular_166.pkl,673.0,927,673.0
Stanford_2,Stanford_Nova_Regular_167.pkl,687.0,993,687.0
Stanford_2,Stanford_Nova_Regular_168.pkl,638.0,959,638.0
Stanford_2,Stanford_Nova_Regular_169.pkl,651.0,921,651.0
Stanford_2,Stanford_Nova_Regular_170.pkl,715.0,1020,715.0
Stanford_2,Stanford_Nova_Regular_171.pkl,677.0,928,677.0
Stanford_2,Stanford_Nova_Regular_172.pkl,578.0,944,578.0
Stanford_2,Stanford_Nova_Regular_173.pkl,694.0,997,694.0
Stanford_2,Stanford_Nova_Regular_174.pkl,627.0,964,627.0
Stanford_2,Stanford_Nova_Regular_175.pkl,558.0,925,558.0
Stanford_2,Stanford_Nova_Regular_176.pkl,598.0,956,598.0
Stanford_2,Stanford_Nova_Regular_177.pkl,543.0,919,543.0
Stanford_2,Stanford_Nova_Regular_178.pkl,714.0,939,714.0
Stanford_2,Stanford_Nova_Regular_179.pkl,618.0,925,618.0
Stanford_2,Stanford_Nova_Regular_180.pkl,654.0,862,654.0
Stanford_2,Stanford_Nova_Regular_181.pkl,649.0,846,649.0
Stanford_2,Stanford_Nova_Regular_182.pkl,684.0,933,684.0
Stanford_2,Stanford_Nova_Regular_183.pkl,573.0,1019,573.0
Stanford_2,Stanford_Nova_Regular_184.pkl,763.0,830,763.0
Stanford_2,Stanford_Nova_Regular_185.pkl,638.0,940,638.0
Stanford_2,Stanford_Nova_Regular_186.pkl,694.0,939,694.0
Stanford_2,Stanford_Nova_Regular_187.pkl,572.0,826,572.0
Stanford_2,Stanford_Nova_Regular_188.pkl,647.0,825,647.0
Stanford_2,Stanford_Nova_Regular_189.pkl,670.0,943,670.0
Stanford_2,Stanford_Nova_Regular_190.pkl,652.0,953,652.0
Stanford_2,Stanford_Nova_Regular_191.pkl,665.0,1042,665.0
Stanford_2,Stanford_Nova_Regular_192.pkl,621.0,934,621.0
Stanford_2,Stanford_Nova_Regular_193.pkl,612.0,847,612.0
Stanford_2,Stanford_Nova_Regular_194.pkl,621.0,971,621.0
Stanford_2,Stanford_Nova_Regular_195.pkl,603.0,1019,603.0
Stanford_2,Stanford_Nova_Regular_196.pkl,647.0,932,647.0
Stanford_2,Stanford_Nova_Regular_198.pkl,556.0,848,556.0
Stanford_2,Stanford_Nova_Regular_199.pkl,606.0,1006,606.0
Stanford_2,Stanford_Nova_Regular_200.pkl,572.0,1027,572.0
Stanford_2,Stanford_Nova_Regular_201.pkl,669.0,919,669.0
Stanford_2,Stanford_Nova_Regular_202.pkl,613.0,1016,613.0
Stanford_2,Stanford_Nova_Regular_203.pkl,642.0,831,642.0
Stanford_2,Stanford_Nova_Regular_204.pkl,587.0,835,587.0
Stanford_2,Stanford_Nova_Regular_205.pkl,714.0,833,714.0
Stanford_2,Stanford_Nova_Regular_206.pkl,718.0,1050,718.0
Stanford_2,Stanford_Nova_Regular_207.pkl,682.0,1105,682.0
Stanford_2,Stanford_Nova_Regular_208.pkl,629.0,776,629.0
Stanford_2,Stanford_Nova_Regular_209.pkl,618.0,899,618.0
Stanford_2,Stanford_Nova_Regular_210.pkl,631.0,794,631.0
Stanford_2,Stanford_Nova_Regular_211.pkl,722.0,981,722.0
Stanford_2,Stanford_Nova_Regular_212.pkl,672.0,804,672.0
Stanford_2,Stanford_Nova_Regular_213.pkl,613.0,1020,613.0
Stanford_2,Stanford_Nova_Regular_214.pkl,885.0,925,885.0
Stanford_2,Stanford_Nova_Regular_215.pkl,749.0,1099,749.0
Stanford_2,Stanford_Nova_Regular_216.pkl,805.0,922,805.0
Stanford_2,Stanford_Nova_Regular_217.pkl,640.0,1044,640.0
Stanford_2,Stanford_Nova_Regular_219.pkl,597.0,838,597.0
Stanford_2,Stanford_Nova_Regular_220.pkl,736.0,1019,736.0
Stanford_2,Stanford_Nova_Regular_221.pkl,596.0,848,596.0
Stanford_2,Stanford_Nova_Regular_222.pkl,646.0,824,646.0
Stanford_2,Stanford_Nova_Regular_223.pkl,886.0,1037,886.0
Stanford_2,Stanford_Nova_Regular_224.pkl,1004.0,1420,1004.0
Stanford_2,Stanford_Nova_Regular_225.pkl,859.0,1042,859.0
Stanford_2,Stanford_Nova_Regular_226.pkl,824.0,1128,824.0
Stanford_2,Stanford_Nova_Regular_227.pkl,909.0,1133,909.0
Stanford_2,Stanford_Nova_Regular_228.pkl,917.0,1124,917.0
Stanford_2,Stanford_Nova_Regular_229.pkl,834.0,936,834.0
Stanford_2,Stanford_Nova_Regular_230.pkl,881.0,1219,881.0
Stanford_2,Stanford_Nova_Regular_269.pkl,890.0,1219,890.0
Stanford_2,Stanford_Nova_Regular_270.pkl,1252.0,1503,1252.0
Stanford_2,Stanford_Nova_Regular_271.pkl,946.0,1095,946.0
Stanford_2,Stanford_Nova_Regular_272.pkl,999.0,1551,999.0
Stanford_2,Stanford_Nova_Regular_273.pkl,841.0,1278,841.0
Tongji,Tongji1_CY25-025_1--1.pkl,300.0,487,300.0
Tongji,Tongji1_CY25-025_1--2.pkl,274.0,234,234.0
Tongji,Tongji1_CY25-025_1--3.pkl,213.0,300,213.0
Tongji,Tongji1_CY25-025_1--4.pkl,229.0,331,229.0
Tongji,Tongji1_CY25-025_1--5.pkl,216.0,338,216.0
Tongji,Tongji1_CY25-025_1--6.pkl,197.0,245,197.0
Tongji,Tongji1_CY25-025_1--7.pkl,201.0,251,201.0
Tongji,Tongji1_CY25-05_1--1.pkl,120.0,145,120.0
Tongji,Tongji1_CY25-05_1--10.pkl,174.0,207,174.0
Tongji,Tongji1_CY25-05_1--11.pkl,130.0,157,130.0
Tongji,Tongji1_CY25-05_1--12.pkl,127.0,155,127.0
Tongji,Tongji1_CY25-05_1--13.pkl,139.0,193,139.0
Tongji,Tongji1_CY25-05_1--14.pkl,161.0,192,161.0
Tongji,Tongji1_CY25-05_1--15.pkl,166.0,191,166.0
Tongji,Tongji1_CY25-05_1--16.pkl,124.0,161,124.0
Tongji,Tongji1_CY25-05_1--17.pkl,149.0,192,149.0
Tongji,Tongji1_CY25-05_1--18.pkl,150.0,188,150.0
Tongji,Tongji1_CY25-05_1--19.pkl,127.0,153,127.0
Tongji,Tongji1_CY25-05_1--2.pkl,138.0,178,138.0
Tongji,Tongji1_CY25-05_1--3.pkl,169.0,192,169.0
Tongji,Tongji1_CY25-05_1--4.pkl,160.0,193,160.0
Tongji,Tongji1_CY25-05_1--5.pkl,150.0,193,150.0
Tongji,Tongji1_CY25-05_1--6.pkl,155.0,182,155.0
Tongji,Tongji1_CY25-05_1--7.pkl,143.0,172,143.0
Tongji,Tongji1_CY25-05_1--8.pkl,,108,
Tongji,Tongji1_CY25-05_1--9.pkl,,107,
Tongji,Tongji1_CY25-1_1--1.pkl,27.0,34,27.0
Tongji,Tongji1_CY25-1_1--2.pkl,24.0,35,24.0
Tongji,Tongji1_CY25-1_1--3.pkl,24.0,27,24.0
Tongji,Tongji1_CY25-1_1--4.pkl,26.0,29,26.0
Tongji,Tongji1_CY25-1_1--5.pkl,21.0,31,21.0
Tongji,Tongji1_CY25-1_1--6.pkl,20.0,27,20.0
Tongji,Tongji1_CY25-1_1--7.pkl,20.0,33,20.0
Tongji,Tongji1_CY25-1_1--8.pkl,18.0,28,18.0
Tongji,Tongji1_CY25-1_1--9.pkl,27.0,32,27.0
Tongji,Tongji1_CY35-05_1--1.pkl,404.0,548,404.0
Tongji,Tongji1_CY35-05_1--2.pkl,369.0,531,369.0
Tongji,Tongji1_CY35-05_1--3.pkl,,30,
Tongji,Tongji1_CY45-05_1--1.pkl,432.0,711,432.0
Tongji,Tongji1_CY45-05_1--10.pkl,322.0,399,322.0
Tongji,Tongji1_CY45-05_1--11.pkl,296.0,648,296.0
Tongji,Tongji1_CY45-05_1--12.pkl,472.0,799,472.0
Tongji,Tongji1_CY45-05_1--13.pkl,415.0,711,415.0
Tongji,Tongji1_CY45-05_1--14.pkl,433.0,727,433.0
Tongji,Tongji1_CY45-05_1--15.pkl,210.0,495,210.0
Tongji,Tongji1_CY45-05_1--16.pkl,219.0,596,219.0
Tongji,Tongji1_CY45-05_1--17.pkl,183.0,528,183.0
Tongji,Tongji1_CY45-05_1--18.pkl,322.0,596,322.0
Tongji,Tongji1_CY45-05_1--19.pkl,202.0,685,202.0
Tongji,Tongji1_CY45-05_1--2.pkl,389.0,699,389.0
Tongji,Tongji1_CY45-05_1--20.pkl,409.0,728,409.0
Tongji,Tongji1_CY45-05_1--21.pkl,276.0,637,276.0
Tongji,Tongji1_CY45-05_1--22.pkl,223.0,577,223.0
Tongji,Tongji1_CY45-05_1--23.pkl,451.0,690,451.0
Tongji,Tongji1_CY45-05_1--24.pkl,330.0,721,330.0
Tongji,Tongji1_CY45-05_1--25.pkl,440.0,738,440.0
Tongji,Tongji1_CY45-05_1--26.pkl,355.0,709,355.0
Tongji,Tongji1_CY45-05_1--27.pkl,299.0,649,299.0
Tongji,Tongji1_CY45-05_1--28.pkl,434.0,716,434.0
Tongji,Tongji1_CY45-05_1--3.pkl,,199,
Tongji,Tongji1_CY45-05_1--4.pkl,,199,
Tongji,Tongji1_CY45-05_1--5.pkl,219.0,199,199.0
Tongji,Tongji1_CY45-05_1--6.pkl,255.0,199,199.0
Tongji,Tongji1_CY45-05_1--7.pkl,433.0,399,399.0
Tongji,Tongji1_CY45-05_1--8.pkl,207.0,399,207.0
Tongji,Tongji1_CY45-05_1--9.pkl,436.0,399,399.0
Tongji,Tongji2_CY25-05_1--1.pkl,,192,
Tongji,Tongji2_CY25-05_1--10.pkl,251.0,199,199.0
Tongji,Tongji2_CY25-05_1--11.pkl,,199,
Tongji,Tongji2_CY25-05_1--12.pkl,196.0,199,196.0
Tongji,Tongji2_CY25-05_1--13.pkl,321.0,399,321.0
Tongji,Tongji2_CY25-05_1--14.pkl,,42,
Tongji,Tongji2_CY25-05_1--15.pkl,228.0,300,228.0
Tongji,Tongji2_CY25-05_1--16.pkl,247.0,336,247.0
Tongji,Tongji2_CY25-05_1--17.pkl,329.0,335,329.0
Tongji,Tongji2_CY25-05_1--18.pkl,,193,
Tongji,Tongji2_CY25-05_1--19.pkl,,191,
Tongji,Tongji2_CY25-05_1--2.pkl,222.0,189,189.0
Tongji,Tongji2_CY25-05_1--20.pkl,,191,
Tongji,Tongji2_CY25-05_1--21.pkl,,190,
Tongji,Tongji2_CY25-05_1--22.pkl,,192,
Tongji,Tongji2_CY25-05_1--23.pkl,,191,
Tongji,Tongji2_CY25-05_1--3.pkl,,191,
Tongji,Tongji2_CY25-05_1--4.pkl,,190,
Tongji,Tongji2_CY25-05_1--5.pkl,339.0,479,339.0
Tongji,Tongji2_CY25-05_1--6.pkl,,191,
Tongji,Tongji2_CY25-05_1--7.pkl,,192,
Tongji,Tongji2_CY25-05_1--8.pkl,240.0,338,240.0
Tongji,Tongji2_CY25-05_1--9.pkl,308.0,349,308.0
Tongji,Tongji2_CY35-05_1--1.pkl,419.0,1101,419.0
Tongji,Tongji2_CY35-05_1--2.pkl,569.0,1251,569.0
Tongji,Tongji2_CY35-05_1--3.pkl,472.0,1206,472.0
Tongji,Tongji2_CY35-05_1--4.pkl,460.0,1150,460.0
Tongji,Tongji2_CY45-05_1--1.pkl,403.0,455,403.0
Tongji,Tongji2_CY45-05_1--10.pkl,400.0,399,399.0
Tongji,Tongji2_CY45-05_1--11.pkl,377.0,799,377.0
Tongji,Tongji2_CY45-05_1--12.pkl,435.0,799,435.0
Tongji,Tongji2_CY45-05_1--13.pkl,385.0,867,385.0
Tongji,Tongji2_CY45-05_1--14.pkl,387.0,863,387.0
Tongji,Tongji2_CY45-05_1--15.pkl,393.0,403,393.0
Tongji,Tongji2_CY45-05_1--16.pkl,404.0,595,404.0
Tongji,Tongji2_CY45-05_1--17.pkl,425.0,596,425.0
Tongji,Tongji2_CY45-05_1--18.pkl,384.0,596,384.0
Tongji,Tongji2_CY45-05_1--19.pkl,408.0,795,408.0
Tongji,Tongji2_CY45-05_1--2.pkl,413.0,453,413.0
Tongji,Tongji2_CY45-05_1--20.pkl,394.0,796,394.0
Tongji,Tongji2_CY45-05_1--21.pkl,435.0,901,435.0
Tongji,Tongji2_CY45-05_1--22.pkl,409.0,859,409.0
Tongji,Tongji2_CY45-05_1--23.pkl,432.0,918,432.0
Tongji,Tongji2_CY45-05_1--24.pkl,423.0,888,423.0
Tongji,Tongji2_CY45-05_1--25.pkl,453.0,932,453.0
Tongji,Tongji2_CY45-05_1--26.pkl,407.0,853,407.0
Tongji,Tongji2_CY45-05_1--27.pkl,450.0,928,450.0
Tongji,Tongji2_CY45-05_1--28.pkl,414.0,884,414.0
Tongji,Tongji2_CY45-05_1--3.pkl,,199,
Tongji,Tongji2_CY45-05_1--4.pkl,,199,
Tongji,Tongji2_CY45-05_1--5.pkl,,199,
Tongji,Tongji2_CY45-05_1--6.pkl,,199,
Tongji,Tongji2_CY45-05_1--7.pkl,399.0,399,399.0
Tongji,Tongji2_CY45-05_1--8.pkl,399.0,399,399.0
Tongji,Tongji2_CY45-05_1--9.pkl,419.0,399,399.0
Tongji,Tongji3_CY25-05_1--1.pkl,481.0,935,481.0
Tongji,Tongji3_CY25-05_1--2.pkl,458.0,954,458.0
Tongji,Tongji3_CY25-05_1--3.pkl,469.0,993,469.0
Tongji,Tongji3_CY25-05_2--1.pkl,446.0,978,446.0
Tongji,Tongji3_CY25-05_2--2.pkl,435.0,957,435.0
Tongji,Tongji3_CY25-05_2--3.pkl,470.0,1025,470.0
Tongji,Tongji3_CY25-05_4--1.pkl,482.0,985,482.0
Tongji,Tongji3_CY25-05_4--2.pkl,469.0,976,469.0
Tongji,Tongji3_CY25-05_4--3.pkl,452.0,905,452.0
UL_PUR,UL-PUR_N10-EX9_18650_NCA_23C_0-100_0.5-0.5C_i.pkl,,194,
UL_PUR,UL-PUR_N10-NA7_18650_NCA_23C_0-100_0.5-0.5C_g.pkl,159.0,164,159.0
UL_PUR,UL-PUR_N10-OV8_18650_NCA_23C_0-100_0.5-0.5C_h.pkl,,191,
UL_PUR,UL-PUR_N15-EX4_18650_NCA_23C_0-100_0.5-0.5C_d.pkl,,224,
UL_PUR,UL-PUR_N15-NA10_18650_NCA_23C_0-100_0.5-0.5C_j.pkl,259.0,259,259.0
UL_PUR,UL-PUR_N15-OV3_18650_NCA_23C_0-100_0.5-0.5C_c.pkl,,191,
UL_PUR,UL-PUR_N20-EX2_18650_NCA_23C_0-100_0.5-0.5C_b.pkl,,309,
UL_PUR,UL-PUR_N20-NA5_18650_NCA_23C_0-100_0.5-0.5C_e.pkl,,212,
UL_PUR,UL-PUR_N20-NA6_18650_NCA_23C_0-100_0.5-0.5C_f.pkl,,211,
UL_PUR,UL-PUR_N20-OV1_18650_NCA_23C_0-100_0.5-0.5C_a.pkl,,290,
XJTU,XJTU_2C_battery-1.pkl,389.0,389,389.0
XJTU,XJTU_2C_battery-2.pkl,405.0,406,405.0
XJTU,XJTU_2C_battery-3.pkl,392.0,392,392.0
XJTU,XJTU_2C_battery-4.pkl,396.0,395,395.0
XJTU,XJTU_2C_battery-5.pkl,401.0,402,401.0
XJTU,XJTU_2C_battery-6.pkl,406.0,407,406.0
XJTU,XJTU_2C_battery-7.pkl,401.0,401,401.0
XJTU,XJTU_2C_battery-8.pkl,418.0,419,418.0
XJTU,XJTU_3C_battery-1.pkl,298.0,298,298.0
XJTU,XJTU_3C_battery-10.pkl,163.0,163,163.0
XJTU,XJTU_3C_battery-11.pkl,130.0,130,130.0
XJTU,XJTU_3C_battery-12.pkl,211.0,211,211.0
XJTU,XJTU_3C_battery-13.pkl,225.0,225,225.0
XJTU,XJTU_3C_battery-14.pkl,146.0,146,146.0
XJTU,XJTU_3C_battery-15.pkl,167.0,167,167.0
XJTU,XJTU_3C_battery-2.pkl,291.0,291,291.0
XJTU,XJTU_3C_battery-3.pkl,285.0,285,285.0
XJTU,XJTU_3C_battery-4.pkl,321.0,321,321.0
XJTU,XJTU_3C_battery-5.pkl,296.0,296,296.0
XJTU,XJTU_3C_battery-6.pkl,321.0,321,321.0
XJTU,XJTU_3C_battery-7.pkl,318.0,318,318.0
XJTU,XJTU_3C_battery-8.pkl,269.0,269,269.0
XJTU,XJTU_3C_battery-9.pkl,286.0,286,286.0
ZN-coin,ZN-coin_202_20231213213655_03_3.pkl,359.0,391,359.0
ZN-coin,ZN-coin_202_20231213213655_03_4.pkl,223.0,391,223.0
ZN-coin,ZN-coin_202_20231213213655_03_5.pkl,287.0,391,287.0
ZN-coin,ZN-coin_204-1_20231205230212_07_1.pkl,100.0,391,100.0
ZN-coin,ZN-coin_204-2_20231205230217_07_2.pkl,107.0,391,107.0
ZN-coin,ZN-coin_204-3_20231205230221_07_3.pkl,111.0,391,111.0
ZN-coin,ZN-coin_205-1_20231205230230_07_4.pkl,168.0,391,168.0
ZN-coin,ZN-coin_205-2_20231205230234_07_5.pkl,370.0,391,370.0
ZN-coin,ZN-coin_205-3_20231205230239_07_6.pkl,322.0,391,322.0
ZN-coin,ZN-coin_209-1_20231205230248_07_7.pkl,219.0,391,219.0
ZN-coin,ZN-coin_209-2_20231205230252_07_8.pkl,172.0,391,172.0
ZN-coin,ZN-coin_2_432-1_20231227204455_01_1.pkl,,917,
ZN-coin,ZN-coin_402-1_20231209225636_01_1.pkl,104.0,391,104.0
ZN-coin,ZN-coin_402-2_20231209225727_01_2.pkl,117.0,391,117.0
ZN-coin,ZN-coin_402-3_20231209225844_01_3.pkl,159.0,391,159.0
ZN-coin,ZN-coin_403-1_20231209225922_01_4.pkl,109.0,391,109.0
ZN-coin,ZN-coin_404-3_20231209231250_08_1.pkl,116.0,391,116.0
ZN-coin,ZN-coin_405-1_20231209231331_08_2.pkl,136.0,391,136.0
ZN-coin,ZN-coin_405-2_20231209231413_08_3.pkl,114.0,391,114.0
ZN-coin,ZN-coin_405-3_20231209231450_08_4.pkl,138.0,391,138.0
ZN-coin,ZN-coin_406-1_20231209231531_08_5.pkl,178.0,391,178.0
ZN-coin,ZN-coin_406-2_20231209231604_08_6.pkl,146.0,391,146.0
ZN-coin,ZN-coin_406-3_20231209231637_08_7.pkl,174.0,391,174.0
ZN-coin,ZN-coin_407-1_20231209231725_08_8.pkl,112.0,391,112.0
ZN-coin,ZN-coin_407-3_20231209231841_02_2.pkl,126.0,391,126.0
ZN-coin,ZN-coin_408-1_20231209231918_02_3.pkl,136.0,391,136.0
ZN-coin,ZN-coin_408-2_20231209231947_02_4.pkl,125.0,391,125.0
ZN-coin,ZN-coin_408-3_20231209232028_05_1.pkl,119.0,391,119.0
ZN-coin,ZN-coin_409-1_20231209232338_05_2.pkl,167.0,391,167.0
ZN-coin,ZN-coin_409-2_20231209232422_05_3.pkl,210.0,391,210.0
ZN-coin,ZN-coin_409-3_20231209232500_05_4.pkl,135.0,391,135.0
ZN-coin,ZN-coin_410-1_20231209232559_09_1.pkl,106.0,391,106.0
ZN-coin,ZN-coin_410-2_20231209232626_09_2.pkl,140.0,391,140.0
ZN-coin,ZN-coin_410-3_20231209232707_09_3.pkl,124.0,391,124.0
ZN-coin,ZN-coin_411-1_20231209232756_09_4.pkl,147.0,391,147.0
ZN-coin,ZN-coin_411-2_20231209232834_09_5.pkl,54.0,391,54.0
ZN-coin,ZN-coin_412-1_20231209232958_09_7.pkl,245.0,391,245.0
ZN-coin,ZN-coin_412-2_20231209233028_09_8.pkl,172.0,391,172.0
ZN-coin,ZN-coin_412-3_20231209233120_06_1.pkl,284.0,391,284.0
ZN-coin,ZN-coin_413-1_20231209233202_06_2.pkl,190.0,391,190.0
ZN-coin,ZN-coin_414-2_20231209233354_06_6.pkl,118.0,391,118.0
ZN-coin,ZN-coin_414-3_20231209233430_06_7.pkl,108.0,391,108.0
ZN-coin,ZN-coin_415-1_20231209233508_06_8.pkl,183.0,391,183.0
ZN-coin,ZN-coin_415-2_20231209233606_10_1.pkl,159.0,391,159.0
ZN-coin,ZN-coin_415-3_20231209233637_10_2.pkl,201.0,391,201.0
ZN-coin,ZN-coin_416-2_20231209233822_10_4.pkl,174.0,391,174.0
ZN-coin,ZN-coin_416-3_20231209233856_10_5.pkl,142.0,391,142.0
ZN-coin,ZN-coin_417-3_20231209234058_10_8.pkl,151.0,391,151.0
ZN-coin,ZN-coin_418-1_20231209234141_11_1.pkl,103.0,129,103.0
ZN-coin,ZN-coin_418-2_20231209234209_11_2.pkl,215.0,391,215.0
ZN-coin,ZN-coin_418-3_20231209234252_11_3.pkl,189.0,391,189.0
ZN-coin,ZN-coin_419-1_20231209234331_11_4.pkl,95.0,391,95.0
ZN-coin,ZN-coin_419-2_20231209234357_11_5.pkl,90.0,391,90.0
ZN-coin,ZN-coin_419-3_20231209234510_11_6.pkl,73.0,391,73.0
ZN-coin,ZN-coin_420-1_20231205230010_01_1.pkl,107.0,391,107.0
ZN-coin,ZN-coin_420-2_20231205230013_01_2.pkl,18.0,48,18.0
ZN-coin,ZN-coin_420-3_20231205230017_01_3.pkl,112.0,391,112.0
ZN-coin,ZN-coin_421-1_20231205230023_01_4.pkl,51.0,100,51.0
ZN-coin,ZN-coin_421-3_20231205230030_01_6.pkl,90.0,391,90.0
ZN-coin,ZN-coin_422-1_20231205230039_01_7.pkl,136.0,391,136.0
ZN-coin,ZN-coin_422-2_20231205230043_01_8.pkl,50.0,153,50.0
ZN-coin,ZN-coin_422-3_20231205230049_02_1.pkl,118.0,391,118.0
ZN-coin,ZN-coin_423-1_20231205230055_02_2.pkl,104.0,391,104.0
ZN-coin,ZN-coin_423-2_20231205230059_02_3.pkl,75.0,391,75.0
ZN-coin,ZN-coin_423-3_20231205230102_02_4.pkl,70.0,391,70.0
ZN-coin,ZN-coin_424-1_20231205230107_02_5.pkl,30.0,55,30.0
ZN-coin,ZN-coin_424-3_20231205230114_02_7.pkl,28.0,51,28.0
ZN-coin,ZN-coin_425-1_20231205230120_02_8.pkl,98.0,391,98.0
ZN-coin,ZN-coin_425-2_20231205230124_03_1.pkl,108.0,391,108.0
ZN-coin,ZN-coin_426-1_20231205230136_03_3.pkl,62.0,391,62.0
ZN-coin,ZN-coin_426-2_20231205230139_03_4.pkl,63.0,391,63.0
ZN-coin,ZN-coin_426-3_20231205230143_03_5.pkl,90.0,391,90.0
ZN-coin,ZN-coin_427-1_20231205230153_03_7.pkl,21.0,41,21.0
ZN-coin,ZN-coin_428-1_20231212185048_01_2.pkl,187.0,391,187.0
ZN-coin,ZN-coin_428-2_20231212185058_01_4.pkl,101.0,128,101.0
ZN-coin,ZN-coin_429-1_20231212185129_01_5.pkl,137.0,391,137.0
ZN-coin,ZN-coin_429-2_20231212185157_01_8.pkl,204.0,391,204.0
ZN-coin,ZN-coin_430-1_20231212185250_02_6.pkl,144.0,391,144.0
ZN-coin,ZN-coin_430-2_20231212185305_02_7.pkl,200.0,391,200.0
ZN-coin,ZN-coin_430-3_20231212185323_03_2.pkl,63.0,63,63.0
ZN-coin,ZN-coin_432-2_20231227204437_01_2.pkl,341.0,333,333.0
ZN-coin,ZN-coin_432-3_20231227204518_01_3.pkl,923.0,893,893.0
ZN-coin,ZN-coin_433-1_20231227204534_01_4.pkl,974.0,1013,974.0
ZN-coin,ZN-coin_433-2_20231227204539_01_5.pkl,815.0,977,815.0
ZN-coin,ZN-coin_433-3_20231227204544_01_6.pkl,770.0,1103,770.0
ZN-coin,ZN-coin_434-1_20231227204606_01_7.pkl,837.0,1004,837.0
ZN-coin,ZN-coin_434-2_20231227204612_01_8.pkl,1010.0,1038,1010.0
ZN-coin,ZN-coin_434-3_20231227204618_03_1.pkl,891.0,990,891.0
ZN-coin,ZN-coin_435-1_20231227204625_03_2.pkl,888.0,993,888.0
ZN-coin,ZN-coin_435-2_20231227204630_03_3.pkl,630.0,830,630.0
ZN-coin,ZN-coin_435-3_20231227204635_03_4.pkl,603.0,1099,603.0
ZN-coin,ZN-coin_436-1_20231227204646_03_5.pkl,1402.0,1652,1402.0
ZN-coin,ZN-coin_436-2_20231227204653_03_6.pkl,1621.0,1583,1583.0
ZN-coin,ZN-coin_436-3_20231227204657_03_7.pkl,1232.0,1645,1232.0
ZN-coin,ZN-coin_437-1_20231227204706_03_8.pkl,1165.0,1478,1165.0
ZN-coin,ZN-coin_437-2_20231227204712_04_1.pkl,1281.0,1737,1281.0
ZN-coin,ZN-coin_437-3_20231227204717_04_2.pkl,1481.0,1537,1481.0
ZN-coin,ZN-coin_438-1_20231227204743_04_3.pkl,765.0,848,765.0
ZN-coin,ZN-coin_438-2_20231227204748_04_4.pkl,1377.0,1540,1377.0
ZN-coin,ZN-coin_438-3_20231227204754_04_5.pkl,1082.0,1676,1082.0
ZN-coin,ZN-coin_439-1_20231227204804_04_6.pkl,447.0,508,447.0
ZN-coin,ZN-coin_439-2_20231227204810_04_7.pkl,1380.0,1559,1380.0
ZN-coin,ZN-coin_439-3_20231227204817_04_8.pkl,1173.0,1482,1173.0
ZN-coin,ZN-coin_440-1_20231227204827_08_1.pkl,1023.0,1401,1023.0
ZN-coin,ZN-coin_440-2_20231227204832_08_2.pkl,186.0,1355,186.0
ZN-coin,ZN-coin_440-3_20231227204837_08_3.pkl,197.0,1405,197.0
ZN-coin,ZN-coin_441-1_20231227204855_08_4.pkl,219.0,221,219.0
ZN-coin,ZN-coin_441-2_20231227204859_08_5.pkl,,1421,
ZN-coin,ZN-coin_441-3_20231227204904_08_6.pkl,,1440,
ZN-coin,ZN-coin_442-1_20240104212418_09_1.pkl,442.0,526,442.0
ZN-coin,ZN-coin_442-2_20240104212424_09_2.pkl,322.0,662,322.0
ZN-coin,ZN-coin_442-3_20240104212433_09_3.pkl,237.0,508,237.0
ZN-coin,ZN-coin_443-2_20240104212500_09_5.pkl,175.0,559,175.0
ZN-coin,ZN-coin_443-3_20240104212506_09_6.pkl,,384,
ZN-coin,ZN-coin_445-1_20240104212517_09_7.pkl,365.0,460,365.0
ZN-coin,ZN-coin_445-2_20240104212521_09_8.pkl,415.0,421,415.0
ZN-coin,ZN-coin_445-3_20240104212530_07_1.pkl,183.0,319,183.0
ZN-coin,ZN-coin_446-1_20240104212538_07_2.pkl,139.0,154,139.0
ZN-coin,ZN-coin_446-3_20240104212550_07_4.pkl,,462,
ZN-coin,ZN-coin_447-1_20240104212621_07_5.pkl,,358,
ZN-coin,ZN-coin_447-2_20240104212627_07_6.pkl,,373,
ZN-coin,ZN-coin_447-3_20240104212631_07_7.pkl,,397,
ZN-coin,ZN-coin_448-1_20240104212639_07_8.pkl,,432,
ZN-coin,ZN-coin_448-2_20240104212646_06_1.pkl,,382,
ZN-coin,ZN-coin_448-3_20240104212651_06_2.pkl,,336,
ZN-coin,ZN-coin_449-1_20240104212736_06_3.pkl,,479,
ZN-coin,ZN-coin_449-2_20240104212745_06_4.pkl,,399,
ZN-coin,ZN-coin_449-3_20240104212753_06_5.pkl,,497,
ZN-coin,ZN-coin_450-1_20240116203402_01_2_Batch-3.pkl,567.0,794,567.0
ZN-coin,ZN-coin_450-2_20240116203410_01_4_Batch-3.pkl,402.0,794,402.0
ZN-coin,ZN-coin_450-3_20240116203417_03_3_Batch-3.pkl,505.0,794,505.0
ZN-coin,ZN-coin_451-1_20240116203425_03_4_Batch-3.pkl,749.0,794,749.0
ZN-coin,ZN-coin_451-2_20240116203431_04_3_Batch-3.pkl,,794,
ZN-coin,ZN-coin_451-3_20240116203436_04_5_Batch-3.pkl,,794,
ZN-coin,ZN-coin_452-1_20240116203442_04_6_Batch-3.pkl,,794,
ZN-coin,ZN-coin_452-2_20240116203450_08_5_Batch-3.pkl,,794,
ZN-coin,ZN-coin_452-3_20240116204046_08_4_Batch-3.pkl,,794,
ZN-coin,ZN-coin_453-1_20240116203617_08_6_Batch-3.pkl,13.0,300,13.0
ZN-coin,ZN-coin_453-2_20240116203622_08_7_Batch-3.pkl,12.0,591,12.0
ZN-coin,ZN-coin_453-3_20240116203627_08_8_Batch-3.pkl,13.0,91,13.0
